1,140810150072,Ketua,BE,2017
2,140810150022,Wakil_Ketua,BE,2017
3,140810150067,Kadep_ADK,BE,2017
4,140810150020,Kadep_Keuangan,BE,2017
5,140810150059,Kadep_Kaderisasi,BE,2017
6,140810150040,Kadep_PO,BE,2017
7,140810150004,Kadep_Hubin,BE,2017
8,140810150018,Kadep_Hubeks,BE,2017
9,140810150058,Kadep_Litbang,BE,2017
10,140810150013,Kadep_Medinfo,BE,2017
11,140810150010,Kadep_Kewirausahaan,BE,2017
12,140810150007,Kadep_Agama,BE,2017
13,140810150016,Kadep_Keprofesian,BE,2017
14,140810150057,Kadep_Miba,BE,2017
15,140810150070,Ketua,DPA,2017
16,140810150009,Sekretaris,DPA,2017
17,140810160020,Bendahara,DPA,2017
18,140810150068,Kakom1,DPA,2017
19,140810150053,Kakom2,DPA,2017
20,140810160044,Kakom3,DPA,2017
21,140810160056,Presidium1,Mubes,2017
22,140810150003,Presidium2,Mubes,2017
23,140810140047,Presidium3,Mubes,2017
